{
  "assetsByChunkName": {
    "vendors~app-account~app-confirmation~app-order": "chunk.f1add65a3b61967d27f1.js",
    "vendors~app-account~app-checkout": "chunk.bcc79b3369666e896246.js",
    "vendors~app-cart~app-checkout": "chunk.322919dc6aeae5501b94.js",
    "admin": [
      "admin.bf65243443b7173db42c.js",
      "admin.bf65243443b7173db42c.js.map"
    ],
    "app-account": "chunk.91a0b5752bdeb34f5887.js",
    "app-confirmation": "chunk.bb861701b7f591149836.js",
    "app-order": "chunk.88e26fcd53ac02fec113.js",
    "checkout": [
      "checkout.288fe8ffcd801cb9296f.js",
      "checkout.288fe8ffcd801cb9296f.js.map"
    ],
    "storefront": [
      "storefront.8752b17e4010732d778c.css",
      "storefront.811c9830d3febb1b37e0.js",
      "storefront.8752b17e4010732d778c.css.map",
      "storefront.811c9830d3febb1b37e0.js.map"
    ],
    "vendors~app-cart": "chunk.545428185b5080c8a815.js",
    "vendors~app-checkout": "chunk.356cf1684ab687e4847f.js"
  }
}